Workbook

Sheet ChartData
A1: Month | B1: Revenue | C1: Units | E1: Product | F1: Revenue | G1: Units | I1: Region | J1: Revenue | L1: Category | M1: Revenue | O1: Quarter | P1: Revenue | R1: Channel | S1: Revenue
A2: Jan | B2: 2850000 | C2: 95 | E2: Laptop | F2: 22400000 | G2: 280 | I2: North | J2: 14200000 | L2: Electronics | M2: 55800000 | O2: Q1 | P2: 10170000 | R2: Online | S2: 36500000
A3: Feb | B3: 3120000 | C3: 108 | E3: Smartphone | F3: 14500000 | G3: 725 | I3: South | J3: 11500000 | L3: Accessories | M3: 5700000 | O3: Q2 | P3: 13640000 | R3: Retail | S3: 19800000
A4: Mar | B4: 4200000 | C4: 140 | E4: Tablet | F4: 8900000 | G4: 445 | I4: East | J4: 17800000 | O4: Q3 | P4: 16450000 | R4: Wholesale | S4: 5600000
A5: Apr | B5: 3650000 | C5: 122 | E5: Headphones | F5: 5100000 | G5: 1275 | I5: West | J5: 9600000 | O5: Q4 | P5: 21300000
A6: May | B6: 4890000 | C6: 163 | E6: Smart Watch | F6: 6800000 | G6: 1020 | I6: Central | J6: 8800000
A7: Jun | B7: 5100000 | C7: 170 | E7: Earbuds | F7: 3600000 | G7: 1800
A8: Jul | B8: 4750000 | C8: 158
A9: Aug | B9: 5500000 | C9: 183
A10: Sep | B10: 6200000 | C10: 207
A11: Oct | B11: 5800000 | C11: 193
A12: Nov | B12: 7100000 | C12: 237
A13: Dec | B13: 8400000 | C13: 280

Sheet 📈 Dashboard
A2: ⚡ NEXUS TECH · POWER BI STYLE INTERACTIVE DASHBOARD · FY 2024
B5: 🔽 FILTERS / SLICERS — Go to each data sheet and use the AutoFilter dropdowns (▼ arrows on column headers) to slice by Region · Quarter · Channel · Product · Sales Rep
B8: TOTAL REVENUE | H8: TOTAL UNITS | N8: TRANSACTIONS | T8: TOP PRODUCT | Z8: BEST REGION
B9: =SUMIF('📋 Sales Dataset'!D:D,">0",'📋 Sales Dataset'!K:K) -> 0 | H9: =SUM('📋 Sales Dataset'!I3:I50) -> 1397 | N9: =COUNTA('📋 Sales Dataset'!A3:A50) -> 48 | T9: =INDEX('🏆 Products'!A3:A8,MATCH(MIN('🏆 Products'!G3:G8),'🏆 Products'!G3:G8,0)) -> Laptop | Z9: =INDEX('🌍 Regional Analysis'!A3:A7,MATCH(MIN('🌍 Regional Analysis'!F3:F7),'🌍 Regional Analysis'!F3:F7,0)) -> East
B12: FY 2024 · All Channels | H12: All Products Sold | N12: Total Orders | T12: Highest Revenue | Z12: Top Performing
B15: ● REVENUE TRENDS · Monthly & Quarterly Performance
B38: ● PRODUCT & CHANNEL PERFORMANCE · Revenue Breakdown
B61: ● REGIONAL & SALES REP PERFORMANCE · Who & Where
A82: © 2024 Nexus Tech Analytics · Week 3: Power BI Style Dashboard · Built in Microsoft Excel · All figures in INR · Internal Use Only

Sheet 📋 Sales Dataset
A1: NEXUS TECH · SALES TRANSACTION DATABASE · FY 2024
A2: Sale ID | B2: Date | C2: Month | D2: Quarter | E2: Region | F2: Channel | G2: Product | H2: Category | I2: Units | J2: Unit Price (₹) | K2: Revenue (₹) | L2: Sales Rep
A3: S001 | B3: 2024-01-05 | C3: January | D3: Q1 | E3: North | F3: Online | G3: Laptop | H3: Electronics | I3: 3 | J3: 55000 | K3: =I3*J3 -> 165000 | L3: Arjun Sharma
A4: S002 | B4: 2024-01-12 | C4: January | D4: Q1 | E4: South | F4: Retail | G4: Smartphone | H4: Electronics | I4: 8 | J4: 15000 | K4: =I4*J4 -> 120000 | L4: Priya Reddy
A5: S003 | B5: 2024-01-18 | C5: January | D5: Q1 | E5: East | F5: Online | G5: Smart Watch | H5: Electronics | I5: 12 | J5: 18000 | K5: =I5*J5 -> 216000 | L5: Rahul Verma
A6: S004 | B6: 2024-01-25 | C6: January | D6: Q1 | E6: West | F6: Wholesale | G6: Headphones | H6: Accessories | I6: 20 | J6: 3500 | K6: =I6*J6 -> 70000 | L6: Sneha Patel
A7: S005 | B7: 2024-02-03 | C7: February | D7: Q1 | E7: North | F7: Online | G7: Tablet | H7: Electronics | I7: 6 | J7: 22000 | K7: =I7*J7 -> 132000 | L7: Arjun Sharma
A8: S006 | B8: 2024-02-10 | C8: February | D8: Q1 | E8: Central | F8: Retail | G8: Smartphone | H8: Electronics | I8: 10 | J8: 15000 | K8: =I8*J8 -> 150000 | L8: Karthik Nair
A9: S007 | B9: 2024-02-18 | C9: February | D9: Q1 | E9: South | F9: Online | G9: Earbuds | H9: Accessories | I9: 25 | J9: 2800 | K9: =I9*J9 -> 70000 | L9: Priya Reddy
A10: S008 | B10: 2024-02-25 | C10: February | D10: Q1 | E10: East | F10: Online | G10: Laptop | H10: Electronics | I10: 4 | J10: 55000 | K10: =I10*J10 -> 220000 | L10: Rahul Verma
A11: S009 | B11: 2024-03-04 | C11: March | D11: Q1 | E11: North | F11: Retail | G11: Smart Watch | H11: Electronics | I11: 15 | J11: 18000 | K11: =I11*J11 -> 270000 | L11: Arjun Sharma
A12: S010 | B12: 2024-03-11 | C12: March | D12: Q1 | E12: West | F12: Online | G12: Smartphone | H12: Electronics | I12: 12 | J12: 15000 | K12: =I12*J12 -> 180000 | L12: Sneha Patel
A13: S011 | B13: 2024-03-18 | C13: March | D13: Q1 | E13: East | F13: Wholesale | G13: Tablet | H13: Electronics | I13: 8 | J13: 22000 | K13: =I13*J13 -> 176000 | L13: Rahul Verma
A14: S012 | B14: 2024-03-25 | C14: March | D14: Q1 | E14: Central | F14: Online | G14: Headphones | H14: Accessories | I14: 30 | J14: 3500 | K14: =I14*J14 -> 105000 | L14: Karthik Nair
... A50: S048 | B50: 2024-12-24 | C50: December | D50: Q4 | E50: North | F50: Online | G50: Smartphone | H50: Electronics | I50: 50 | J50: 15000 | K50: =I50*J50 -> 750000 | L50: Arjun Sharma
A51: GRAND TOTAL | I51: =SUM(I3:I50) -> 1397 | K51: =SUM(K3:K50) -> 17769500

Sheet 🏆 Products
A1: PRODUCT PERFORMANCE ANALYSIS · FY 2024
A2: Product | B2: Category | C2: Units Sold | D2: Revenue (₹) | E2: Avg Price (₹) | F2: Revenue Share % | G2: Rank
A3: Laptop | B3: Electronics | C3: =SUMIF('📋 Sales Dataset'!G:G,A3,'📋 Sales Dataset'!I:I) -> 122 | D3: =SUMIF('📋 Sales Dataset'!G:G,A3,'📋 Sales Dataset'!K:K) -> 6710000 | E3: =IFERROR(D3/C3,0) -> 55000 | F3: =IFERROR(D3/SUM($D$3:$D$8),0) -> 0.37761333 | G3: =RANK(D3,$D$3:$D$8,0) -> 1
A4: Smartphone | B4: Electronics | C4: =SUMIF('📋 Sales Dataset'!G:G,A4,'📋 Sales Dataset'!I:I) -> 264 | D4: =SUMIF('📋 Sales Dataset'!G:G,A4,'📋 Sales Dataset'!K:K) -> 3960000 | E4: =IFERROR(D4/C4,0) -> 15000 | F4: =IFERROR(D4/SUM($D$3:$D$8),0) -> 0.22285377 | G4: =RANK(D4,$D$3:$D$8,0) -> 2
A5: Tablet | B5: Electronics | C5: =SUMIF('📋 Sales Dataset'!G:G,A5,'📋 Sales Dataset'!I:I) -> 91 | D5: =SUMIF('📋 Sales Dataset'!G:G,A5,'📋 Sales Dataset'!K:K) -> 2002000 | E5: =IFERROR(D5/C5,0) -> 22000 | F5: =IFERROR(D5/SUM($D$3:$D$8),0) -> 0.11266496 | G5: =RANK(D5,$D$3:$D$8,0) -> 4
A6: Smart Watch | B6: Electronics | C6: =SUMIF('📋 Sales Dataset'!G:G,A6,'📋 Sales Dataset'!I:I) -> 150 | D6: =SUMIF('📋 Sales Dataset'!G:G,A6,'📋 Sales Dataset'!K:K) -> 2700000 | E6: =IFERROR(D6/C6,0) -> 18000 | F6: =IFERROR(D6/SUM($D$3:$D$8),0) -> 0.15194575 | G6: =RANK(D6,$D$3:$D$8,0) -> 3
A7: Headphones | B7: Accessories | C7: =SUMIF('📋 Sales Dataset'!G:G,A7,'📋 Sales Dataset'!I:I) -> 345 | D7: =SUMIF('📋 Sales Dataset'!G:G,A7,'📋 Sales Dataset'!K:K) -> 1207500 | E7: =IFERROR(D7/C7,0) -> 3500 | F7: =IFERROR(D7/SUM($D$3:$D$8),0) -> 0.067953516 | G7: =RANK(D7,$D$3:$D$8,0) -> 5
A8: Earbuds | B8: Accessories | C8: =SUMIF('📋 Sales Dataset'!G:G,A8,'📋 Sales Dataset'!I:I) -> 425 | D8: =SUMIF('📋 Sales Dataset'!G:G,A8,'📋 Sales Dataset'!K:K) -> 1190000 | E8: =IFERROR(D8/C8,0) -> 2800 | F8: =IFERROR(D8/SUM($D$3:$D$8),0) -> 0.066968682 | G8: =RANK(D8,$D$3:$D$8,0) -> 6
A9: TOTAL | D9: =SUM(D3:D8) -> 17769500 | E9: =AVERAGE(E3:E8) -> 19383.333 | F9: =SUM(F3:F8) -> 1

Sheet 📅 Monthly Trends
A1: MONTHLY SALES TRENDS · FY 2024
A2: Month | B2: Quarter | C2: Units | D2: Revenue (₹) | E2: Prev Month Rev | F2: MoM Growth % | G2: Cumulative Rev | H2: % of Year
A3: January | B3: Q1 | C3: =SUMIF('📋 Sales Dataset'!C:C,A3,'📋 Sales Dataset'!I:I) -> 43 | D3: =SUMIF('📋 Sales Dataset'!C:C,A3,'📋 Sales Dataset'!K:K) -> 571000 | E3: — | F3: — | G3: =SUM($D$3:D3) -> 571000 | H3: =IFERROR(D3/SUM($D$3:$D$14),0) -> 0.032133712
A4: February | B4: Q1 | C4: =SUMIF('📋 Sales Dataset'!C:C,A4,'📋 Sales Dataset'!I:I) -> 45 | D4: =SUMIF('📋 Sales Dataset'!C:C,A4,'📋 Sales Dataset'!K:K) -> 572000 | E4: =D3 -> 571000 | F4: =IFERROR((D4-D3)/D3,0) -> 0.0017513135 | G4: =SUM($D$3:D4) -> 1143000 | H4: =IFERROR(D4/SUM($D$3:$D$14),0) -> 0.032189988
A5: March | B5: Q1 | C5: =SUMIF('📋 Sales Dataset'!C:C,A5,'📋 Sales Dataset'!I:I) -> 65 | D5: =SUMIF('📋 Sales Dataset'!C:C,A5,'📋 Sales Dataset'!K:K) -> 731000 | E5: =D4 -> 572000 | F5: =IFERROR((D5-D4)/D4,0) -> 0.27797203 | G5: =SUM($D$3:D5) -> 1874000 | H5: =IFERROR(D5/SUM($D$3:$D$14),0) -> 0.041137905
A6: April | B6: Q2 | C6: =SUMIF('📋 Sales Dataset'!C:C,A6,'📋 Sales Dataset'!I:I) -> 77 | D6: =SUMIF('📋 Sales Dataset'!C:C,A6,'📋 Sales Dataset'!K:K) -> 921000 | E6: =D5 -> 731000 | F6: =IFERROR((D6-D5)/D5,0) -> 0.25991792 | G6: =SUM($D$3:D6) -> 2795000 | H6: =IFERROR(D6/SUM($D$3:$D$14),0) -> 0.051830384
A7: May | B7: Q2 | C7: =SUMIF('📋 Sales Dataset'!C:C,A7,'📋 Sales Dataset'!I:I) -> 85 | D7: =SUMIF('📋 Sales Dataset'!C:C,A7,'📋 Sales Dataset'!K:K) -> 1050000 | E7: =D6 -> 921000 | F7: =IFERROR((D7-D6)/D6,0) -> 0.14006515 | G7: =SUM($D$3:D7) -> 3845000 | H7: =IFERROR(D7/SUM($D$3:$D$14),0) -> 0.059090014
A8: June | B8: Q2 | C8: =SUMIF('📋 Sales Dataset'!C:C,A8,'📋 Sales Dataset'!I:I) -> 100 | D8: =SUMIF('📋 Sales Dataset'!C:C,A8,'📋 Sales Dataset'!K:K) -> 1232000 | E8: =D7 -> 1050000 | F8: =IFERROR((D8-D7)/D7,0) -> 0.17333333 | G8: =SUM($D$3:D8) -> 5077000 | H8: =IFERROR(D8/SUM($D$3:$D$14),0) -> 0.069332283
A9: July | B9: Q3 | C9: =SUMIF('📋 Sales Dataset'!C:C,A9,'📋 Sales Dataset'!I:I) -> 176 | D9: =SUMIF('📋 Sales Dataset'!C:C,A9,'📋 Sales Dataset'!K:K) -> 1276500 | E9: =D8 -> 1232000 | F9: =IFERROR((D9-D8)/D8,0) -> 0.03612013 | G9: =SUM($D$3:D9) -> 6353500 | H9: =IFERROR(D9/SUM($D$3:$D$14),0) -> 0.071836574
A10: August | B10: Q3 | C10: =SUMIF('📋 Sales Dataset'!C:C,A10,'📋 Sales Dataset'!I:I) -> 73 | D10: =SUMIF('📋 Sales Dataset'!C:C,A10,'📋 Sales Dataset'!K:K) -> 1706000 | E10: =D9 -> 1276500 | F10: =IFERROR((D10-D9)/D9,0) -> 0.3364669 | G10: =SUM($D$3:D10) -> 8059500 | H10: =IFERROR(D10/SUM($D$3:$D$14),0) -> 0.096007203
A11: September | B11: Q3 | C11: =SUMIF('📋 Sales Dataset'!C:C,A11,'📋 Sales Dataset'!I:I) -> 224 | D11: =SUMIF('📋 Sales Dataset'!C:C,A11,'📋 Sales Dataset'!K:K) -> 1780000 | E11: =D10 -> 1706000 | F11: =IFERROR((D11-D10)/D10,0) -> 0.043376319 | G11: =SUM($D$3:D11) -> 9839500 | H11: =IFERROR(D11/SUM($D$3:$D$14),0) -> 0.10017164
A12: October | B12: Q4 | C12: =SUMIF('📋 Sales Dataset'!C:C,A12,'📋 Sales Dataset'!I:I) -> 97 | D12: =SUMIF('📋 Sales Dataset'!C:C,A12,'📋 Sales Dataset'!K:K) -> 2305000 | E12: =D11 -> 1780000 | F12: =IFERROR((D12-D11)/D11,0) -> 0.29494382 | G12: =SUM($D$3:D12) -> 12144500 | H12: =IFERROR(D12/SUM($D$3:$D$14),0) -> 0.12971665
A13: November | B13: Q4 | C13: =SUMIF('📋 Sales Dataset'!C:C,A13,'📋 Sales Dataset'!I:I) -> 280 | D13: =SUMIF('📋 Sales Dataset'!C:C,A13,'📋 Sales Dataset'!K:K) -> 2386000 | E13: =D12 -> 2305000 | F13: =IFERROR((D13-D12)/D12,0) -> 0.035140998 | G13: =SUM($D$3:D13) -> 14530500 | H13: =IFERROR(D13/SUM($D$3:$D$14),0) -> 0.13427502
A14: December | B14: Q4 | C14: =SUMIF('📋 Sales Dataset'!C:C,A14,'📋 Sales Dataset'!I:I) -> 132 | D14: =SUMIF('📋 Sales Dataset'!C:C,A14,'📋 Sales Dataset'!K:K) -> 3239000 | E14: =D13 -> 2386000 | F14: =IFERROR((D14-D13)/D13,0) -> 0.3575021 | G14: =SUM($D$3:D14) -> 17769500 | H14: =IFERROR(D14/SUM($D$3:$D$14),0) -> 0.18227862
A15: FULL YEAR | C15: =SUM(C3:C14) -> 1397 | D15: =SUM(D3:D14) -> 17769500 | G15: =D15 -> 17769500 | H15: =SUM(H3:H14) -> 1

Sheet 🌍 Regional Analysis
A1: REGIONAL SALES BREAKDOWN · FY 2024
A2: Region | B2: Transactions | C2: Units Sold | D2: Revenue (₹) | E2: Revenue Share % | F2: Rank
A3: North | B3: =COUNTIF('📋 Sales Dataset'!E:E,A3) -> 11 | C3: =SUMIF('📋 Sales Dataset'!E:E,A3,'📋 Sales Dataset'!I:I) -> 296 | D3: =SUMIF('📋 Sales Dataset'!E:E,A3,'📋 Sales Dataset'!K:K) -> 3999000 | E3: =IFERROR(D3/SUM($D$3:$D$7),0) -> 0.22504854 | F3: =RANK(D3,$D$3:$D$7,0) -> 2
A4: South | B4: =COUNTIF('📋 Sales Dataset'!E:E,A4) -> 9 | C4: =SUMIF('📋 Sales Dataset'!E:E,A4,'📋 Sales Dataset'!I:I) -> 339 | D4: =SUMIF('📋 Sales Dataset'!E:E,A4,'📋 Sales Dataset'!K:K) -> 2643000 | E4: =IFERROR(D4/SUM($D$3:$D$7),0) -> 0.14873801 | F4: =RANK(D4,$D$3:$D$7,0) -> 5
A5: East | B5: =COUNTIF('📋 Sales Dataset'!E:E,A5) -> 10 | C5: =SUMIF('📋 Sales Dataset'!E:E,A5,'📋 Sales Dataset'!I:I) -> 193 | D5: =SUMIF('📋 Sales Dataset'!E:E,A5,'📋 Sales Dataset'!K:K) -> 4147000 | E5: =IFERROR(D5/SUM($D$3:$D$7),0) -> 0.23337742 | F5: =RANK(D5,$D$3:$D$7,0) -> 1
A6: West | B6: =COUNTIF('📋 Sales Dataset'!E:E,A6) -> 9 | C6: =SUMIF('📋 Sales Dataset'!E:E,A6,'📋 Sales Dataset'!I:I) -> 276 | D6: =SUMIF('📋 Sales Dataset'!E:E,A6,'📋 Sales Dataset'!K:K) -> 3643000 | E6: =IFERROR(D6/SUM($D$3:$D$7),0) -> 0.20501421 | F6: =RANK(D6,$D$3:$D$7,0) -> 3
A7: Central | B7: =COUNTIF('📋 Sales Dataset'!E:E,A7) -> 9 | C7: =SUMIF('📋 Sales Dataset'!E:E,A7,'📋 Sales Dataset'!I:I) -> 293 | D7: =SUMIF('📋 Sales Dataset'!E:E,A7,'📋 Sales Dataset'!K:K) -> 3337500 | E7: =IFERROR(D7/SUM($D$3:$D$7),0) -> 0.18782183 | F7: =RANK(D7,$D$3:$D$7,0) -> 4
A8: TOTAL | C8: =SUM(C3:C7) -> 1397 | D8: =SUM(D3:D7) -> 17769500 | E8: =SUM(E3:E7) -> 1

Sheet 👤 Sales Reps
A1: SALES REP PERFORMANCE · FY 2024
A2: Sales Rep | B2: Transactions | C2: Units Sold | D2: Revenue (₹) | E2: Avg Deal Size (₹) | F2: Revenue Share % | G2: Rank
A3: Arjun Sharma | B3: =COUNTIF('📋 Sales Dataset'!L:L,A3) -> 11 | C3: =SUMIF('📋 Sales Dataset'!L:L,A3,'📋 Sales Dataset'!I:I) -> 296 | D3: =SUMIF('📋 Sales Dataset'!L:L,A3,'📋 Sales Dataset'!K:K) -> 3999000 | E3: =IFERROR(D3/B3,0) -> 363545.45 | F3: =IFERROR(D3/SUM($D$3:$D$7),0) -> 0.22504854 | G3: =RANK(D3,$D$3:$D$7,0) -> 2
A4: Priya Reddy | B4: =COUNTIF('📋 Sales Dataset'!L:L,A4) -> 9 | C4: =SUMIF('📋 Sales Dataset'!L:L,A4,'📋 Sales Dataset'!I:I) -> 339 | D4: =SUMIF('📋 Sales Dataset'!L:L,A4,'📋 Sales Dataset'!K:K) -> 2643000 | E4: =IFERROR(D4/B4,0) -> 293666.67 | F4: =IFERROR(D4/SUM($D$3:$D$7),0) -> 0.14873801 | G4: =RANK(D4,$D$3:$D$7,0) -> 5
A5: Rahul Verma | B5: =COUNTIF('📋 Sales Dataset'!L:L,A5) -> 10 | C5: =SUMIF('📋 Sales Dataset'!L:L,A5,'📋 Sales Dataset'!I:I) -> 193 | D5: =SUMIF('📋 Sales Dataset'!L:L,A5,'📋 Sales Dataset'!K:K) -> 4147000 | E5: =IFERROR(D5/B5,0) -> 414700 | F5: =IFERROR(D5/SUM($D$3:$D$7),0) -> 0.23337742 | G5: =RANK(D5,$D$3:$D$7,0) -> 1
A6: Sneha Patel | B6: =COUNTIF('📋 Sales Dataset'!L:L,A6) -> 9 | C6: =SUMIF('📋 Sales Dataset'!L:L,A6,'📋 Sales Dataset'!I:I) -> 276 | D6: =SUMIF('📋 Sales Dataset'!L:L,A6,'📋 Sales Dataset'!K:K) -> 3643000 | E6: =IFERROR(D6/B6,0) -> 404777.78 | F6: =IFERROR(D6/SUM($D$3:$D$7),0) -> 0.20501421 | G6: =RANK(D6,$D$3:$D$7,0) -> 3
A7: Karthik Nair | B7: =COUNTIF('📋 Sales Dataset'!L:L,A7) -> 9 | C7: =SUMIF('📋 Sales Dataset'!L:L,A7,'📋 Sales Dataset'!I:I) -> 293 | D7: =SUMIF('📋 Sales Dataset'!L:L,A7,'📋 Sales Dataset'!K:K) -> 3337500 | E7: =IFERROR(D7/B7,0) -> 370833.33 | F7: =IFERROR(D7/SUM($D$3:$D$7),0) -> 0.18782183 | G7: =RANK(D7,$D$3:$D$7,0) -> 4
A8: TOTAL | B8: =SUM(B3:B7) -> 48 | C8: =SUM(C3:C7) -> 1397 | D8: =SUM(D3:D7) -> 17769500 | E8: =AVERAGE(E3:E7) -> 369504.65 | F8: =SUM(F3:F7) -> 1

Sheet 📡 Channels
A1: SALES CHANNEL PERFORMANCE · FY 2024
A2: Channel | B2: Transactions | C2: Units Sold | D2: Revenue (₹) | E2: Revenue Share % | F2: Rank
A3: Online | B3: =COUNTIF('📋 Sales Dataset'!F:F,A3) -> 29 | C3: =SUMIF('📋 Sales Dataset'!F:F,A3,'📋 Sales Dataset'!I:I) -> 832 | D3: =SUMIF('📋 Sales Dataset'!F:F,A3,'📋 Sales Dataset'!K:K) -> 11621000 | E3: =IFERROR(D3/SUM($D$3:$D$5),0) -> 0.65398576 | F3: =RANK(D3,$D$3:$D$5,0) -> 1
A4: Retail | B4: =COUNTIF('📋 Sales Dataset'!F:F,A4) -> 13 | C4: =SUMIF('📋 Sales Dataset'!F:F,A4,'📋 Sales Dataset'!I:I) -> 455 | D4: =SUMIF('📋 Sales Dataset'!F:F,A4,'📋 Sales Dataset'!K:K) -> 4497500 | E4: =IFERROR(D4/SUM($D$3:$D$5),0) -> 0.25310223 | F4: =RANK(D4,$D$3:$D$5,0) -> 2
A5: Wholesale | B5: =COUNTIF('📋 Sales Dataset'!F:F,A5) -> 6 | C5: =SUMIF('📋 Sales Dataset'!F:F,A5,'📋 Sales Dataset'!I:I) -> 110 | D5: =SUMIF('📋 Sales Dataset'!F:F,A5,'📋 Sales Dataset'!K:K) -> 1651000 | E5: =IFERROR(D5/SUM($D$3:$D$5),0) -> 0.092912012 | F5: =RANK(D5,$D$3:$D$5,0) -> 3
A6: TOTAL | B6: =SUM(B3:B5) -> 48 | C6: =SUM(C3:C5) -> 1397 | D6: =SUM(D3:D5) -> 17769500 | E6: =SUM(E3:E5) -> 1

Sheet 📊 Quarterly Report
A1: QUARTERLY PERFORMANCE REPORT · FY 2024
A2: Quarter | B2: Months | C2: Transactions | D2: Units Sold | E2: Revenue (₹) | F2: QoQ Growth % | G2: Cumulative Rev
A3: Q1 | B3: Jan-Mar | C3: =COUNTIF('📋 Sales Dataset'!D:D,A3) -> 12 | D3: =SUMIF('📋 Sales Dataset'!D:D,A3,'📋 Sales Dataset'!I:I) -> 153 | E3: =SUMIF('📋 Sales Dataset'!D:D,A3,'📋 Sales Dataset'!K:K) -> 1874000 | F3: — | G3: =SUM($E$3:E3) -> 1874000
A4: Q2 | B4: Apr-Jun | C4: =COUNTIF('📋 Sales Dataset'!D:D,A4) -> 12 | D4: =SUMIF('📋 Sales Dataset'!D:D,A4,'📋 Sales Dataset'!I:I) -> 262 | E4: =SUMIF('📋 Sales Dataset'!D:D,A4,'📋 Sales Dataset'!K:K) -> 3203000 | F4: =IFERROR((E4-E3)/E3,0) -> 0.70917823 | G4: =SUM($E$3:E4) -> 5077000
A5: Q3 | B5: Jul-Sep | C5: =COUNTIF('📋 Sales Dataset'!D:D,A5) -> 12 | D5: =SUMIF('📋 Sales Dataset'!D:D,A5,'📋 Sales Dataset'!I:I) -> 473 | E5: =SUMIF('📋 Sales Dataset'!D:D,A5,'📋 Sales Dataset'!K:K) -> 4762500 | F5: =IFERROR((E5-E4)/E4,0) -> 0.48688729 | G5: =SUM($E$3:E5) -> 9839500
A6: Q4 | B6: Oct-Dec | C6: =COUNTIF('📋 Sales Dataset'!D:D,A6) -> 12 | D6: =SUMIF('📋 Sales Dataset'!D:D,A6,'📋 Sales Dataset'!I:I) -> 509 | E6: =SUMIF('📋 Sales Dataset'!D:D,A6,'📋 Sales Dataset'!K:K) -> 7930000 | F6: =IFERROR((E6-E5)/E5,0) -> 0.66509186 | G6: =SUM($E$3:E6) -> 17769500
A7: FULL YEAR | C7: =SUM(C3:C6) -> 48 | D7: =SUM(D3:D6) -> 1397 | E7: =SUM(E3:E6) -> 17769500 | G7: =E7 -> 17769500
